from,to,label,strength,trust,statement,quote,arrows.middle.enabled,full.quote,combo.type,definition.type,sensitivity,specificity,package,packageNote
1,13,NA,0.5,0.5,1,NA,NA,NA,NA,NA,NA,NA,NA,NA
1,13,NA,0.5,0.5,2,NA,NA,NA,NA,NA,NA,NA,NA,NA
1,13,NA,0.5,0.5,3,NA,NA,NA,NA,NA,NA,NA,NA,NA
1,13,NA,0.5,0.5,4,NA,NA,NA,NA,NA,NA,NA,NA,NA
1,13,NA,0.5,0.5,5,NA,NA,NA,NA,NA,NA,NA,NA,NA
2,13,NA,0.5,0.5,6,NA,NA,NA,NA,NA,NA,NA,NA,NA
2,13,NA,0.5,0.5,7,NA,NA,NA,NA,NA,NA,NA,NA,NA
1,11,NA,0.5,0.5,8,NA,NA,NA,NA,NA,NA,NA,NA,NA
1,11,NA,0.5,0.5,9,NA,NA,NA,NA,NA,NA,NA,NA,NA
1,11,NA,0.5,0.5,10,NA,NA,NA,NA,NA,NA,NA,NA,NA
1,11,NA,0.5,0.5,11,NA,NA,NA,NA,NA,NA,NA,NA,NA
1,11,NA,0.5,0.5,12,NA,NA,NA,NA,NA,NA,NA,NA,NA
1,11,NA,0.5,0.5,13,NA,NA,NA,NA,NA,NA,NA,NA,NA
1,11,NA,0.5,0.5,14,NA,NA,NA,NA,NA,NA,NA,NA,NA
1,11,NA,0.5,0.5,15,NA,NA,NA,NA,NA,NA,NA,NA,NA
1,11,NA,0.5,0.5,16,NA,NA,NA,NA,NA,NA,NA,NA,NA
1,11,NA,0.5,0.5,17,NA,NA,NA,NA,NA,NA,NA,NA,NA
1,11,NA,0.5,0.5,18,NA,NA,NA,NA,NA,NA,NA,NA,NA
1,11,NA,0.5,0.5,19,NA,NA,NA,NA,NA,NA,NA,NA,NA
1,11,NA,0.5,0.5,20,NA,NA,NA,NA,NA,NA,NA,NA,NA
1,11,NA,0.5,0.5,21,NA,NA,NA,NA,NA,NA,NA,NA,NA
1,11,NA,0.5,0.5,22,NA,NA,NA,NA,NA,NA,NA,NA,NA
2,11,NA,0.5,0.5,23,NA,NA,NA,NA,NA,NA,NA,NA,NA
2,11,NA,0.5,0.5,24,NA,NA,NA,NA,NA,NA,NA,NA,NA
2,11,NA,0.5,0.5,25,NA,NA,NA,NA,NA,NA,NA,NA,NA
2,11,NA,0.5,0.5,26,NA,NA,NA,NA,NA,NA,NA,NA,NA
2,11,NA,0.5,0.5,27,NA,NA,NA,NA,NA,NA,NA,NA,NA
3,11,NA,0.5,0.5,28,NA,NA,NA,NA,NA,NA,NA,NA,NA
3,11,NA,0.5,0.5,29,NA,NA,NA,NA,NA,NA,NA,NA,NA
4,11,NA,0.5,0.5,30,NA,NA,NA,NA,NA,NA,NA,NA,NA
4,11,NA,0.5,0.5,31,NA,NA,NA,NA,NA,NA,NA,NA,NA
4,11,NA,0.5,0.5,32,NA,NA,NA,NA,NA,NA,NA,NA,NA
4,11,NA,0.5,0.5,33,NA,NA,NA,NA,NA,NA,NA,NA,NA
4,11,NA,0.5,0.5,34,NA,NA,NA,NA,NA,NA,NA,NA,NA
5,11,NA,0.5,0.5,35,NA,NA,NA,NA,NA,NA,NA,NA,NA
5,11,NA,0.5,0.5,36,NA,NA,NA,NA,NA,NA,NA,NA,NA
5,11,NA,0.5,0.5,37,NA,NA,NA,NA,NA,NA,NA,NA,NA
5,11,NA,0.5,0.5,38,NA,NA,NA,NA,NA,NA,NA,NA,NA
5,11,NA,0.5,0.5,39,NA,NA,NA,NA,NA,NA,NA,NA,NA
5,11,NA,0.5,0.5,40,NA,NA,NA,NA,NA,NA,NA,NA,NA
5,11,NA,0.5,0.5,41,NA,NA,NA,NA,NA,NA,NA,NA,NA
5,11,NA,0.5,0.5,42,NA,NA,NA,NA,NA,NA,NA,NA,NA
5,11,NA,0.5,0.5,43,NA,NA,NA,NA,NA,NA,NA,NA,NA
5,11,NA,0.5,0.5,44,NA,NA,NA,NA,NA,NA,NA,NA,NA
5,11,NA,0.5,0.5,45,NA,NA,NA,NA,NA,NA,NA,NA,NA
5,11,NA,0.5,0.5,46,NA,NA,NA,NA,NA,NA,NA,NA,NA
5,11,NA,0.5,0.5,47,NA,NA,NA,NA,NA,NA,NA,NA,NA
5,11,NA,0.5,0.5,48,NA,NA,NA,NA,NA,NA,NA,NA,NA
5,11,NA,0.5,0.5,49,NA,NA,NA,NA,NA,NA,NA,NA,NA
5,11,NA,0.5,0.5,50,NA,NA,NA,NA,NA,NA,NA,NA,NA
5,11,NA,0.5,0.5,51,NA,NA,NA,NA,NA,NA,NA,NA,NA
1,8,NA,0.5,0.5,52,NA,NA,NA,NA,NA,NA,NA,NA,NA
1,8,NA,0.5,0.5,53,NA,NA,NA,NA,NA,NA,NA,NA,NA
1,8,NA,0.5,0.5,54,NA,NA,NA,NA,NA,NA,NA,NA,NA
1,8,NA,0.5,0.5,55,NA,NA,NA,NA,NA,NA,NA,NA,NA
1,8,NA,0.5,0.5,56,NA,NA,NA,NA,NA,NA,NA,NA,NA
1,8,NA,0.5,0.5,57,NA,NA,NA,NA,NA,NA,NA,NA,NA
1,8,NA,0.5,0.5,58,NA,NA,NA,NA,NA,NA,NA,NA,NA
1,8,NA,0.5,0.5,59,NA,NA,NA,NA,NA,NA,NA,NA,NA
1,8,NA,0.5,0.5,60,NA,NA,NA,NA,NA,NA,NA,NA,NA
1,8,NA,0.5,0.5,61,NA,NA,NA,NA,NA,NA,NA,NA,NA
2,8,NA,0.5,0.5,62,NA,NA,NA,NA,NA,NA,NA,NA,NA
2,8,NA,0.5,0.5,63,NA,NA,NA,NA,NA,NA,NA,NA,NA
2,8,NA,0.5,0.5,64,NA,NA,NA,NA,NA,NA,NA,NA,NA
2,8,NA,0.5,0.5,65,NA,NA,NA,NA,NA,NA,NA,NA,NA
2,8,NA,0.5,0.5,66,NA,NA,NA,NA,NA,NA,NA,NA,NA
3,8,NA,0.5,0.5,67,NA,NA,NA,NA,NA,NA,NA,NA,NA
3,8,NA,0.5,0.5,68,NA,NA,NA,NA,NA,NA,NA,NA,NA
6,8,NA,0.5,0.5,69,NA,NA,NA,NA,NA,NA,NA,NA,NA
4,8,NA,0.5,0.5,70,NA,NA,NA,NA,NA,NA,NA,NA,NA
4,8,NA,0.5,0.5,71,NA,NA,NA,NA,NA,NA,NA,NA,NA
4,8,NA,0.5,0.5,72,NA,NA,NA,NA,NA,NA,NA,NA,NA
4,8,NA,0.5,0.5,73,NA,NA,NA,NA,NA,NA,NA,NA,NA
4,8,NA,0.5,0.5,74,NA,NA,NA,NA,NA,NA,NA,NA,NA
4,8,NA,0.5,0.5,75,NA,NA,NA,NA,NA,NA,NA,NA,NA
5,8,NA,0.5,0.5,76,NA,NA,NA,NA,NA,NA,NA,NA,NA
5,8,NA,0.5,0.5,77,NA,NA,NA,NA,NA,NA,NA,NA,NA
5,8,NA,0.5,0.5,78,NA,NA,NA,NA,NA,NA,NA,NA,NA
5,8,NA,0.5,0.5,79,NA,NA,NA,NA,NA,NA,NA,NA,NA
5,8,NA,0.5,0.5,80,NA,NA,NA,NA,NA,NA,NA,NA,NA
5,8,NA,0.5,0.5,81,NA,NA,NA,NA,NA,NA,NA,NA,NA
5,8,NA,0.5,0.5,82,NA,NA,NA,NA,NA,NA,NA,NA,NA
5,8,NA,0.5,0.5,83,NA,NA,NA,NA,NA,NA,NA,NA,NA
5,8,NA,0.5,0.5,84,NA,NA,NA,NA,NA,NA,NA,NA,NA
5,8,NA,0.5,0.5,85,NA,NA,NA,NA,NA,NA,NA,NA,NA
5,8,NA,0.5,0.5,86,NA,NA,NA,NA,NA,NA,NA,NA,NA
5,8,NA,0.5,0.5,87,NA,NA,NA,NA,NA,NA,NA,NA,NA
5,8,NA,0.5,0.5,88,NA,NA,NA,NA,NA,NA,NA,NA,NA
5,8,NA,0.5,0.5,89,NA,NA,NA,NA,NA,NA,NA,NA,NA
5,8,NA,0.5,0.5,90,NA,NA,NA,NA,NA,NA,NA,NA,NA
5,8,NA,0.5,0.5,91,NA,NA,NA,NA,NA,NA,NA,NA,NA
5,8,NA,0.5,0.5,92,NA,NA,NA,NA,NA,NA,NA,NA,NA
5,8,NA,0.5,0.5,93,NA,NA,NA,NA,NA,NA,NA,NA,NA
5,8,NA,0.5,0.5,94,NA,NA,NA,NA,NA,NA,NA,NA,NA
5,8,NA,0.5,0.5,95,NA,NA,NA,NA,NA,NA,NA,NA,NA
5,8,NA,0.5,0.5,96,NA,NA,NA,NA,NA,NA,NA,NA,NA
5,8,NA,0.5,0.5,97,NA,NA,NA,NA,NA,NA,NA,NA,NA
5,8,NA,0.5,0.5,98,NA,NA,NA,NA,NA,NA,NA,NA,NA
5,8,NA,0.5,0.5,99,NA,NA,NA,NA,NA,NA,NA,NA,NA
5,8,NA,0.5,0.5,100,NA,NA,NA,NA,NA,NA,NA,NA,NA
5,8,NA,0.5,0.5,101,NA,NA,NA,NA,NA,NA,NA,NA,NA
5,8,NA,0.5,0.5,102,NA,NA,NA,NA,NA,NA,NA,NA,NA
5,8,NA,0.5,0.5,103,NA,NA,NA,NA,NA,NA,NA,NA,NA
5,8,NA,0.5,0.5,104,NA,NA,NA,NA,NA,NA,NA,NA,NA
5,8,NA,0.5,0.5,105,NA,NA,NA,NA,NA,NA,NA,NA,NA
5,8,NA,0.5,0.5,106,NA,NA,NA,NA,NA,NA,NA,NA,NA
5,8,NA,0.5,0.5,107,NA,NA,NA,NA,NA,NA,NA,NA,NA
5,8,NA,0.5,0.5,108,NA,NA,NA,NA,NA,NA,NA,NA,NA
5,8,NA,0.5,0.5,109,NA,NA,NA,NA,NA,NA,NA,NA,NA
5,8,NA,0.5,0.5,110,NA,NA,NA,NA,NA,NA,NA,NA,NA
7,8,NA,0.5,0.5,111,NA,NA,NA,NA,NA,NA,NA,NA,NA
1,12,NA,0.5,0.5,112,NA,NA,NA,NA,NA,NA,NA,NA,NA
1,12,NA,0.5,0.5,113,NA,NA,NA,NA,NA,NA,NA,NA,NA
1,12,NA,0.5,0.5,114,NA,NA,NA,NA,NA,NA,NA,NA,NA
1,12,NA,0.5,0.5,115,NA,NA,NA,NA,NA,NA,NA,NA,NA
1,12,NA,0.5,0.5,116,NA,NA,NA,NA,NA,NA,NA,NA,NA
1,12,NA,0.5,0.5,117,NA,NA,NA,NA,NA,NA,NA,NA,NA
2,12,NA,0.5,0.5,118,NA,NA,NA,NA,NA,NA,NA,NA,NA
2,12,NA,0.5,0.5,119,NA,NA,NA,NA,NA,NA,NA,NA,NA
2,12,NA,0.5,0.5,120,NA,NA,NA,NA,NA,NA,NA,NA,NA
2,12,NA,0.5,0.5,121,NA,NA,NA,NA,NA,NA,NA,NA,NA
3,12,NA,0.5,0.5,122,NA,NA,NA,NA,NA,NA,NA,NA,NA
3,12,NA,0.5,0.5,123,NA,NA,NA,NA,NA,NA,NA,NA,NA
3,12,NA,0.5,0.5,124,NA,NA,NA,NA,NA,NA,NA,NA,NA
6,12,NA,0.5,0.5,125,NA,NA,NA,NA,NA,NA,NA,NA,NA
4,12,NA,0.5,0.5,126,NA,NA,NA,NA,NA,NA,NA,NA,NA
4,12,NA,0.5,0.5,127,NA,NA,NA,NA,NA,NA,NA,NA,NA
4,12,NA,0.5,0.5,128,NA,NA,NA,NA,NA,NA,NA,NA,NA
5,12,NA,0.5,0.5,129,NA,NA,NA,NA,NA,NA,NA,NA,NA
5,12,NA,0.5,0.5,130,NA,NA,NA,NA,NA,NA,NA,NA,NA
5,12,NA,0.5,0.5,131,NA,NA,NA,NA,NA,NA,NA,NA,NA
5,12,NA,0.5,0.5,132,NA,NA,NA,NA,NA,NA,NA,NA,NA
5,12,NA,0.5,0.5,133,NA,NA,NA,NA,NA,NA,NA,NA,NA
5,12,NA,0.5,0.5,134,NA,NA,NA,NA,NA,NA,NA,NA,NA
5,12,NA,0.5,0.5,135,NA,NA,NA,NA,NA,NA,NA,NA,NA
5,12,NA,0.5,0.5,136,NA,NA,NA,NA,NA,NA,NA,NA,NA
5,12,NA,0.5,0.5,137,NA,NA,NA,NA,NA,NA,NA,NA,NA
5,12,NA,0.5,0.5,138,NA,NA,NA,NA,NA,NA,NA,NA,NA
5,12,NA,0.5,0.5,139,NA,NA,NA,NA,NA,NA,NA,NA,NA
5,12,NA,0.5,0.5,140,NA,NA,NA,NA,NA,NA,NA,NA,NA
5,12,NA,0.5,0.5,141,NA,NA,NA,NA,NA,NA,NA,NA,NA
5,12,NA,0.5,0.5,142,NA,NA,NA,NA,NA,NA,NA,NA,NA
5,12,NA,0.5,0.5,143,NA,NA,NA,NA,NA,NA,NA,NA,NA
5,12,NA,0.5,0.5,144,NA,NA,NA,NA,NA,NA,NA,NA,NA
5,12,NA,0.5,0.5,145,NA,NA,NA,NA,NA,NA,NA,NA,NA
5,12,NA,0.5,0.5,146,NA,NA,NA,NA,NA,NA,NA,NA,NA
5,12,NA,0.5,0.5,147,NA,NA,NA,NA,NA,NA,NA,NA,NA
5,12,NA,0.5,0.5,148,NA,NA,NA,NA,NA,NA,NA,NA,NA
5,12,NA,0.5,0.5,149,NA,NA,NA,NA,NA,NA,NA,NA,NA
5,12,NA,0.5,0.5,150,NA,NA,NA,NA,NA,NA,NA,NA,NA
5,12,NA,0.5,0.5,151,NA,NA,NA,NA,NA,NA,NA,NA,NA
1,16,NA,0.5,0.5,152,NA,NA,NA,NA,NA,NA,NA,NA,NA
1,16,NA,0.5,0.5,153,NA,NA,NA,NA,NA,NA,NA,NA,NA
1,16,NA,0.5,0.5,154,NA,NA,NA,NA,NA,NA,NA,NA,NA
2,16,NA,0.5,0.5,155,NA,NA,NA,NA,NA,NA,NA,NA,NA
2,16,NA,0.5,0.5,156,NA,NA,NA,NA,NA,NA,NA,NA,NA
2,16,NA,0.5,0.5,157,NA,NA,NA,NA,NA,NA,NA,NA,NA
2,16,NA,0.5,0.5,158,NA,NA,NA,NA,NA,NA,NA,NA,NA
4,16,NA,0.5,0.5,159,NA,NA,NA,NA,NA,NA,NA,NA,NA
5,16,NA,0.5,0.5,160,NA,NA,NA,NA,NA,NA,NA,NA,NA
5,16,NA,0.5,0.5,161,NA,NA,NA,NA,NA,NA,NA,NA,NA
5,16,NA,0.5,0.5,162,NA,NA,NA,NA,NA,NA,NA,NA,NA
5,16,NA,0.5,0.5,163,NA,NA,NA,NA,NA,NA,NA,NA,NA
1,14,NA,0.5,0.5,164,NA,NA,NA,NA,NA,NA,NA,NA,NA
1,14,NA,0.5,0.5,165,NA,NA,NA,NA,NA,NA,NA,NA,NA
1,14,NA,0.5,0.5,166,NA,NA,NA,NA,NA,NA,NA,NA,NA
1,14,NA,0.5,0.5,167,NA,NA,NA,NA,NA,NA,NA,NA,NA
1,14,NA,0.5,0.5,168,NA,NA,NA,NA,NA,NA,NA,NA,NA
3,14,NA,0.5,0.5,169,NA,NA,NA,NA,NA,NA,NA,NA,NA
3,14,NA,0.5,0.5,170,NA,NA,NA,NA,NA,NA,NA,NA,NA
3,14,NA,0.5,0.5,171,NA,NA,NA,NA,NA,NA,NA,NA,NA
3,14,NA,0.5,0.5,172,NA,NA,NA,NA,NA,NA,NA,NA,NA
3,14,NA,0.5,0.5,173,NA,NA,NA,NA,NA,NA,NA,NA,NA
3,14,NA,0.5,0.5,174,NA,NA,NA,NA,NA,NA,NA,NA,NA
3,14,NA,0.5,0.5,175,NA,NA,NA,NA,NA,NA,NA,NA,NA
3,14,NA,0.5,0.5,176,NA,NA,NA,NA,NA,NA,NA,NA,NA
3,14,NA,0.5,0.5,177,NA,NA,NA,NA,NA,NA,NA,NA,NA
3,14,NA,0.5,0.5,178,NA,NA,NA,NA,NA,NA,NA,NA,NA
3,14,NA,0.5,0.5,179,NA,NA,NA,NA,NA,NA,NA,NA,NA
4,14,NA,0.5,0.5,180,NA,NA,NA,NA,NA,NA,NA,NA,NA
5,14,NA,0.5,0.5,181,NA,NA,NA,NA,NA,NA,NA,NA,NA
5,14,NA,0.5,0.5,182,NA,NA,NA,NA,NA,NA,NA,NA,NA
5,14,NA,0.5,0.5,183,NA,NA,NA,NA,NA,NA,NA,NA,NA
5,14,NA,0.5,0.5,184,NA,NA,NA,NA,NA,NA,NA,NA,NA
5,14,NA,0.5,0.5,185,NA,NA,NA,NA,NA,NA,NA,NA,NA
5,14,NA,0.5,0.5,186,NA,NA,NA,NA,NA,NA,NA,NA,NA
5,14,NA,0.5,0.5,187,NA,NA,NA,NA,NA,NA,NA,NA,NA
5,14,NA,0.5,0.5,188,NA,NA,NA,NA,NA,NA,NA,NA,NA
5,14,NA,0.5,0.5,189,NA,NA,NA,NA,NA,NA,NA,NA,NA
5,14,NA,0.5,0.5,190,NA,NA,NA,NA,NA,NA,NA,NA,NA
5,14,NA,0.5,0.5,191,NA,NA,NA,NA,NA,NA,NA,NA,NA
5,14,NA,0.5,0.5,192,NA,NA,NA,NA,NA,NA,NA,NA,NA
5,14,NA,0.5,0.5,193,NA,NA,NA,NA,NA,NA,NA,NA,NA
5,14,NA,0.5,0.5,194,NA,NA,NA,NA,NA,NA,NA,NA,NA
5,14,NA,0.5,0.5,195,NA,NA,NA,NA,NA,NA,NA,NA,NA
5,14,NA,0.5,0.5,196,NA,NA,NA,NA,NA,NA,NA,NA,NA
5,14,NA,0.5,0.5,197,NA,NA,NA,NA,NA,NA,NA,NA,NA
5,14,NA,0.5,0.5,198,NA,NA,NA,NA,NA,NA,NA,NA,NA
5,14,NA,0.5,0.5,199,NA,NA,NA,NA,NA,NA,NA,NA,NA
5,14,NA,0.5,0.5,200,NA,NA,NA,NA,NA,NA,NA,NA,NA
5,14,NA,0.5,0.5,201,NA,NA,NA,NA,NA,NA,NA,NA,NA
5,14,NA,0.5,0.5,202,NA,NA,NA,NA,NA,NA,NA,NA,NA
5,14,NA,0.5,0.5,203,NA,NA,NA,NA,NA,NA,NA,NA,NA
5,14,NA,0.5,0.5,204,NA,NA,NA,NA,NA,NA,NA,NA,NA
5,14,NA,0.5,0.5,205,NA,NA,NA,NA,NA,NA,NA,NA,NA
5,14,NA,0.5,0.5,206,NA,NA,NA,NA,NA,NA,NA,NA,NA
5,14,NA,0.5,0.5,207,NA,NA,NA,NA,NA,NA,NA,NA,NA
1,9,NA,0.5,0.5,208,NA,NA,NA,NA,NA,NA,NA,NA,NA
1,9,NA,0.5,0.5,209,NA,NA,NA,NA,NA,NA,NA,NA,NA
1,9,NA,0.5,0.5,210,NA,NA,NA,NA,NA,NA,NA,NA,NA
1,9,NA,0.5,0.5,211,NA,NA,NA,NA,NA,NA,NA,NA,NA
1,9,NA,0.5,0.5,212,NA,NA,NA,NA,NA,NA,NA,NA,NA
1,9,NA,0.5,0.5,213,NA,NA,NA,NA,NA,NA,NA,NA,NA
1,9,NA,0.5,0.5,214,NA,NA,NA,NA,NA,NA,NA,NA,NA
1,9,NA,0.5,0.5,215,NA,NA,NA,NA,NA,NA,NA,NA,NA
1,9,NA,0.5,0.5,216,NA,NA,NA,NA,NA,NA,NA,NA,NA
1,9,NA,0.5,0.5,217,NA,NA,NA,NA,NA,NA,NA,NA,NA
1,9,NA,0.5,0.5,218,NA,NA,NA,NA,NA,NA,NA,NA,NA
3,9,NA,0.5,0.5,219,NA,NA,NA,NA,NA,NA,NA,NA,NA
3,9,NA,0.5,0.5,220,NA,NA,NA,NA,NA,NA,NA,NA,NA
3,9,NA,0.5,0.5,221,NA,NA,NA,NA,NA,NA,NA,NA,NA
3,9,NA,0.5,0.5,222,NA,NA,NA,NA,NA,NA,NA,NA,NA
3,9,NA,0.5,0.5,223,NA,NA,NA,NA,NA,NA,NA,NA,NA
6,9,NA,0.5,0.5,224,NA,NA,NA,NA,NA,NA,NA,NA,NA
4,9,NA,0.5,0.5,225,NA,NA,NA,NA,NA,NA,NA,NA,NA
4,9,NA,0.5,0.5,226,NA,NA,NA,NA,NA,NA,NA,NA,NA
4,9,NA,0.5,0.5,227,NA,NA,NA,NA,NA,NA,NA,NA,NA
4,9,NA,0.5,0.5,228,NA,NA,NA,NA,NA,NA,NA,NA,NA
5,9,NA,0.5,0.5,229,NA,NA,NA,NA,NA,NA,NA,NA,NA
5,9,NA,0.5,0.5,230,NA,NA,NA,NA,NA,NA,NA,NA,NA
5,9,NA,0.5,0.5,231,NA,NA,NA,NA,NA,NA,NA,NA,NA
5,9,NA,0.5,0.5,232,NA,NA,NA,NA,NA,NA,NA,NA,NA
5,9,NA,0.5,0.5,233,NA,NA,NA,NA,NA,NA,NA,NA,NA
5,9,NA,0.5,0.5,234,NA,NA,NA,NA,NA,NA,NA,NA,NA
5,9,NA,0.5,0.5,235,NA,NA,NA,NA,NA,NA,NA,NA,NA
5,9,NA,0.5,0.5,236,NA,NA,NA,NA,NA,NA,NA,NA,NA
5,9,NA,0.5,0.5,237,NA,NA,NA,NA,NA,NA,NA,NA,NA
5,9,NA,0.5,0.5,238,NA,NA,NA,NA,NA,NA,NA,NA,NA
5,9,NA,0.5,0.5,239,NA,NA,NA,NA,NA,NA,NA,NA,NA
5,9,NA,0.5,0.5,240,NA,NA,NA,NA,NA,NA,NA,NA,NA
5,9,NA,0.5,0.5,241,NA,NA,NA,NA,NA,NA,NA,NA,NA
5,9,NA,0.5,0.5,242,NA,NA,NA,NA,NA,NA,NA,NA,NA
5,9,NA,0.5,0.5,243,NA,NA,NA,NA,NA,NA,NA,NA,NA
5,9,NA,0.5,0.5,244,NA,NA,NA,NA,NA,NA,NA,NA,NA
5,9,NA,0.5,0.5,245,NA,NA,NA,NA,NA,NA,NA,NA,NA
5,9,NA,0.5,0.5,246,NA,NA,NA,NA,NA,NA,NA,NA,NA
5,9,NA,0.5,0.5,247,NA,NA,NA,NA,NA,NA,NA,NA,NA
5,9,NA,0.5,0.5,248,NA,NA,NA,NA,NA,NA,NA,NA,NA
7,9,NA,0.5,0.5,249,NA,NA,NA,NA,NA,NA,NA,NA,NA
1,10,NA,0.5,0.5,250,NA,NA,NA,NA,NA,NA,NA,NA,NA
1,10,NA,0.5,0.5,251,NA,NA,NA,NA,NA,NA,NA,NA,NA
1,10,NA,0.5,0.5,252,NA,NA,NA,NA,NA,NA,NA,NA,NA
1,10,NA,0.5,0.5,253,NA,NA,NA,NA,NA,NA,NA,NA,NA
3,10,NA,0.5,0.5,254,NA,NA,NA,NA,NA,NA,NA,NA,NA
3,10,NA,0.5,0.5,255,NA,NA,NA,NA,NA,NA,NA,NA,NA
4,10,NA,0.5,0.5,256,NA,NA,NA,NA,NA,NA,NA,NA,NA
4,10,NA,0.5,0.5,257,NA,NA,NA,NA,NA,NA,NA,NA,NA
4,10,NA,0.5,0.5,258,NA,NA,NA,NA,NA,NA,NA,NA,NA
5,10,NA,0.5,0.5,259,NA,NA,NA,NA,NA,NA,NA,NA,NA
5,10,NA,0.5,0.5,260,NA,NA,NA,NA,NA,NA,NA,NA,NA
5,10,NA,0.5,0.5,261,NA,NA,NA,NA,NA,NA,NA,NA,NA
5,10,NA,0.5,0.5,262,NA,NA,NA,NA,NA,NA,NA,NA,NA
5,10,NA,0.5,0.5,263,NA,NA,NA,NA,NA,NA,NA,NA,NA
5,10,NA,0.5,0.5,264,NA,NA,NA,NA,NA,NA,NA,NA,NA
5,10,NA,0.5,0.5,265,NA,NA,NA,NA,NA,NA,NA,NA,NA
5,10,NA,0.5,0.5,266,NA,NA,NA,NA,NA,NA,NA,NA,NA
5,10,NA,0.5,0.5,267,NA,NA,NA,NA,NA,NA,NA,NA,NA
5,10,NA,0.5,0.5,268,NA,NA,NA,NA,NA,NA,NA,NA,NA
5,10,NA,0.5,0.5,269,NA,NA,NA,NA,NA,NA,NA,NA,NA
5,10,NA,0.5,0.5,270,NA,NA,NA,NA,NA,NA,NA,NA,NA
5,10,NA,0.5,0.5,271,NA,NA,NA,NA,NA,NA,NA,NA,NA
5,10,NA,0.5,0.5,272,NA,NA,NA,NA,NA,NA,NA,NA,NA
5,10,NA,0.5,0.5,273,NA,NA,NA,NA,NA,NA,NA,NA,NA
1,15,NA,0.5,0.5,274,NA,NA,NA,NA,NA,NA,NA,NA,NA
1,15,NA,0.5,0.5,275,NA,NA,NA,NA,NA,NA,NA,NA,NA
1,15,NA,0.5,0.5,276,NA,NA,NA,NA,NA,NA,NA,NA,NA
1,15,NA,0.5,0.5,277,NA,NA,NA,NA,NA,NA,NA,NA,NA
1,15,NA,0.5,0.5,278,NA,NA,NA,NA,NA,NA,NA,NA,NA
1,15,NA,0.5,0.5,279,NA,NA,NA,NA,NA,NA,NA,NA,NA
1,15,NA,0.5,0.5,280,NA,NA,NA,NA,NA,NA,NA,NA,NA
1,15,NA,0.5,0.5,281,NA,NA,NA,NA,NA,NA,NA,NA,NA
2,15,NA,0.5,0.5,282,NA,NA,NA,NA,NA,NA,NA,NA,NA
3,15,NA,0.5,0.5,283,NA,NA,NA,NA,NA,NA,NA,NA,NA
6,15,NA,0.5,0.5,284,NA,NA,NA,NA,NA,NA,NA,NA,NA
6,15,NA,0.5,0.5,285,NA,NA,NA,NA,NA,NA,NA,NA,NA
4,15,NA,0.5,0.5,286,NA,NA,NA,NA,NA,NA,NA,NA,NA
4,15,NA,0.5,0.5,287,NA,NA,NA,NA,NA,NA,NA,NA,NA
4,15,NA,0.5,0.5,288,NA,NA,NA,NA,NA,NA,NA,NA,NA
4,15,NA,0.5,0.5,289,NA,NA,NA,NA,NA,NA,NA,NA,NA
4,15,NA,0.5,0.5,290,NA,NA,NA,NA,NA,NA,NA,NA,NA
4,15,NA,0.5,0.5,291,NA,NA,NA,NA,NA,NA,NA,NA,NA
4,15,NA,0.5,0.5,292,NA,NA,NA,NA,NA,NA,NA,NA,NA
4,15,NA,0.5,0.5,293,NA,NA,NA,NA,NA,NA,NA,NA,NA
5,15,NA,0.5,0.5,294,NA,NA,NA,NA,NA,NA,NA,NA,NA
5,15,NA,0.5,0.5,295,NA,NA,NA,NA,NA,NA,NA,NA,NA
5,15,NA,0.5,0.5,296,NA,NA,NA,NA,NA,NA,NA,NA,NA
5,15,NA,0.5,0.5,297,NA,NA,NA,NA,NA,NA,NA,NA,NA
5,15,NA,0.5,0.5,298,NA,NA,NA,NA,NA,NA,NA,NA,NA
5,15,NA,0.5,0.5,299,NA,NA,NA,NA,NA,NA,NA,NA,NA
5,15,NA,0.5,0.5,300,NA,NA,NA,NA,NA,NA,NA,NA,NA
8,17,NA,0.5,0.5,301,NA,NA,NA,NA,NA,NA,NA,NA,NA
8,17,NA,0.5,0.5,302,NA,NA,NA,NA,NA,NA,NA,NA,NA
8,17,NA,0.5,0.5,303,NA,NA,NA,NA,NA,NA,NA,NA,NA
8,17,NA,0.5,0.5,304,NA,NA,NA,NA,NA,NA,NA,NA,NA
9,17,NA,0.5,0.5,305,NA,NA,NA,NA,NA,NA,NA,NA,NA
9,17,NA,0.5,0.5,306,NA,NA,NA,NA,NA,NA,NA,NA,NA
10,17,NA,0.5,0.5,307,NA,NA,NA,NA,NA,NA,NA,NA,NA
10,17,NA,0.5,0.5,308,NA,NA,NA,NA,NA,NA,NA,NA,NA
10,17,NA,0.5,0.5,309,NA,NA,NA,NA,NA,NA,NA,NA,NA
11,18,NA,0.5,0.5,310,NA,NA,NA,NA,NA,NA,NA,NA,NA
12,18,NA,0.5,0.5,311,NA,NA,NA,NA,NA,NA,NA,NA,NA
13,19,NA,0.5,0.5,312,NA,NA,NA,NA,NA,NA,NA,NA,NA
8,19,NA,0.5,0.5,313,NA,NA,NA,NA,NA,NA,NA,NA,NA
8,19,NA,0.5,0.5,314,NA,NA,NA,NA,NA,NA,NA,NA,NA
14,19,NA,0.5,0.5,315,NA,NA,NA,NA,NA,NA,NA,NA,NA
9,19,NA,0.5,0.5,316,NA,NA,NA,NA,NA,NA,NA,NA,NA
10,19,NA,0.5,0.5,317,NA,NA,NA,NA,NA,NA,NA,NA,NA
10,19,NA,0.5,0.5,318,NA,NA,NA,NA,NA,NA,NA,NA,NA
10,19,NA,0.5,0.5,319,NA,NA,NA,NA,NA,NA,NA,NA,NA
10,19,NA,0.5,0.5,320,NA,NA,NA,NA,NA,NA,NA,NA,NA
15,19,NA,0.5,0.5,321,NA,NA,NA,NA,NA,NA,NA,NA,NA
8,20,NA,0.5,0.5,322,NA,NA,NA,NA,NA,NA,NA,NA,NA
8,20,NA,0.5,0.5,323,NA,NA,NA,NA,NA,NA,NA,NA,NA
8,20,NA,0.5,0.5,324,NA,NA,NA,NA,NA,NA,NA,NA,NA
12,20,NA,0.5,0.5,325,NA,NA,NA,NA,NA,NA,NA,NA,NA
9,20,NA,0.5,0.5,326,NA,NA,NA,NA,NA,NA,NA,NA,NA
9,20,NA,0.5,0.5,327,NA,NA,NA,NA,NA,NA,NA,NA,NA
9,20,NA,0.5,0.5,328,NA,NA,NA,NA,NA,NA,NA,NA,NA
9,20,NA,0.5,0.5,329,NA,NA,NA,NA,NA,NA,NA,NA,NA
10,20,NA,0.5,0.5,330,NA,NA,NA,NA,NA,NA,NA,NA,NA
10,20,NA,0.5,0.5,331,NA,NA,NA,NA,NA,NA,NA,NA,NA
10,20,NA,0.5,0.5,332,NA,NA,NA,NA,NA,NA,NA,NA,NA
10,20,NA,0.5,0.5,333,NA,NA,NA,NA,NA,NA,NA,NA,NA
10,20,NA,0.5,0.5,334,NA,NA,NA,NA,NA,NA,NA,NA,NA
13,21,NA,0.5,0.5,335,NA,NA,NA,NA,NA,NA,NA,NA,NA
8,21,NA,0.5,0.5,336,NA,NA,NA,NA,NA,NA,NA,NA,NA
12,21,NA,0.5,0.5,337,NA,NA,NA,NA,NA,NA,NA,NA,NA
14,21,NA,0.5,0.5,338,NA,NA,NA,NA,NA,NA,NA,NA,NA
14,21,NA,0.5,0.5,339,NA,NA,NA,NA,NA,NA,NA,NA,NA
9,21,NA,0.5,0.5,340,NA,NA,NA,NA,NA,NA,NA,NA,NA
9,21,NA,0.5,0.5,341,NA,NA,NA,NA,NA,NA,NA,NA,NA
10,21,NA,0.5,0.5,342,NA,NA,NA,NA,NA,NA,NA,NA,NA
11,22,NA,0.5,0.5,343,NA,NA,NA,NA,NA,NA,NA,NA,NA
11,22,NA,0.5,0.5,344,NA,NA,NA,NA,NA,NA,NA,NA,NA
11,22,NA,0.5,0.5,345,NA,NA,NA,NA,NA,NA,NA,NA,NA
8,22,NA,0.5,0.5,346,NA,NA,NA,NA,NA,NA,NA,NA,NA
12,22,NA,0.5,0.5,347,NA,NA,NA,NA,NA,NA,NA,NA,NA
12,22,NA,0.5,0.5,348,NA,NA,NA,NA,NA,NA,NA,NA,NA
12,22,NA,0.5,0.5,349,NA,NA,NA,NA,NA,NA,NA,NA,NA
12,22,NA,0.5,0.5,350,NA,NA,NA,NA,NA,NA,NA,NA,NA
14,22,NA,0.5,0.5,351,NA,NA,NA,NA,NA,NA,NA,NA,NA
14,22,NA,0.5,0.5,352,NA,NA,NA,NA,NA,NA,NA,NA,NA
9,22,NA,0.5,0.5,353,NA,NA,NA,NA,NA,NA,NA,NA,NA
9,22,NA,0.5,0.5,354,NA,NA,NA,NA,NA,NA,NA,NA,NA
9,22,NA,0.5,0.5,355,NA,NA,NA,NA,NA,NA,NA,NA,NA
9,22,NA,0.5,0.5,356,NA,NA,NA,NA,NA,NA,NA,NA,NA
9,22,NA,0.5,0.5,357,NA,NA,NA,NA,NA,NA,NA,NA,NA
9,22,NA,0.5,0.5,358,NA,NA,NA,NA,NA,NA,NA,NA,NA
10,22,NA,0.5,0.5,359,NA,NA,NA,NA,NA,NA,NA,NA,NA
10,22,NA,0.5,0.5,360,NA,NA,NA,NA,NA,NA,NA,NA,NA
10,22,NA,0.5,0.5,361,NA,NA,NA,NA,NA,NA,NA,NA,NA
10,22,NA,0.5,0.5,362,NA,NA,NA,NA,NA,NA,NA,NA,NA
15,22,NA,0.5,0.5,363,NA,NA,NA,NA,NA,NA,NA,NA,NA
15,22,NA,0.5,0.5,364,NA,NA,NA,NA,NA,NA,NA,NA,NA
15,22,NA,0.5,0.5,365,NA,NA,NA,NA,NA,NA,NA,NA,NA
15,22,NA,0.5,0.5,366,NA,NA,NA,NA,NA,NA,NA,NA,NA
15,22,NA,0.5,0.5,367,NA,NA,NA,NA,NA,NA,NA,NA,NA
15,22,NA,0.5,0.5,368,NA,NA,NA,NA,NA,NA,NA,NA,NA
1,17,NA,0.5,0.5,369,NA,NA,NA,NA,NA,NA,NA,NA,NA
1,17,NA,0.5,0.5,370,NA,NA,NA,NA,NA,NA,NA,NA,NA
1,17,NA,0.5,0.5,371,NA,NA,NA,NA,NA,NA,NA,NA,NA
1,17,NA,0.5,0.5,372,NA,NA,NA,NA,NA,NA,NA,NA,NA
3,17,NA,0.5,0.5,373,NA,NA,NA,NA,NA,NA,NA,NA,NA
6,17,NA,0.5,0.5,374,NA,NA,NA,NA,NA,NA,NA,NA,NA
4,17,NA,0.5,0.5,375,NA,NA,NA,NA,NA,NA,NA,NA,NA
5,17,NA,0.5,0.5,376,NA,NA,NA,NA,NA,NA,NA,NA,NA
1,18,NA,0.5,0.5,377,NA,NA,NA,NA,NA,NA,NA,NA,NA
2,18,NA,0.5,0.5,378,NA,NA,NA,NA,NA,NA,NA,NA,NA
3,18,NA,0.5,0.5,379,NA,NA,NA,NA,NA,NA,NA,NA,NA
5,18,NA,0.5,0.5,380,NA,NA,NA,NA,NA,NA,NA,NA,NA
1,19,NA,0.5,0.5,381,NA,NA,NA,NA,NA,NA,NA,NA,NA
1,19,NA,0.5,0.5,382,NA,NA,NA,NA,NA,NA,NA,NA,NA
2,19,NA,0.5,0.5,383,NA,NA,NA,NA,NA,NA,NA,NA,NA
2,19,NA,0.5,0.5,384,NA,NA,NA,NA,NA,NA,NA,NA,NA
2,19,NA,0.5,0.5,385,NA,NA,NA,NA,NA,NA,NA,NA,NA
3,19,NA,0.5,0.5,386,NA,NA,NA,NA,NA,NA,NA,NA,NA
6,19,NA,0.5,0.5,387,NA,NA,NA,NA,NA,NA,NA,NA,NA
5,19,NA,0.5,0.5,388,NA,NA,NA,NA,NA,NA,NA,NA,NA
5,19,NA,0.5,0.5,389,NA,NA,NA,NA,NA,NA,NA,NA,NA
1,20,NA,0.5,0.5,390,NA,NA,NA,NA,NA,NA,NA,NA,NA
1,20,NA,0.5,0.5,391,NA,NA,NA,NA,NA,NA,NA,NA,NA
3,20,NA,0.5,0.5,392,NA,NA,NA,NA,NA,NA,NA,NA,NA
3,20,NA,0.5,0.5,393,NA,NA,NA,NA,NA,NA,NA,NA,NA
6,20,NA,0.5,0.5,394,NA,NA,NA,NA,NA,NA,NA,NA,NA
6,20,NA,0.5,0.5,395,NA,NA,NA,NA,NA,NA,NA,NA,NA
5,20,NA,0.5,0.5,396,NA,NA,NA,NA,NA,NA,NA,NA,NA
5,20,NA,0.5,0.5,397,NA,NA,NA,NA,NA,NA,NA,NA,NA
1,21,NA,0.5,0.5,398,NA,NA,NA,NA,NA,NA,NA,NA,NA
3,21,NA,0.5,0.5,399,NA,NA,NA,NA,NA,NA,NA,NA,NA
3,21,NA,0.5,0.5,400,NA,NA,NA,NA,NA,NA,NA,NA,NA
4,21,NA,0.5,0.5,401,NA,NA,NA,NA,NA,NA,NA,NA,NA
5,21,NA,0.5,0.5,402,NA,NA,NA,NA,NA,NA,NA,NA,NA
5,21,NA,0.5,0.5,403,NA,NA,NA,NA,NA,NA,NA,NA,NA
1,22,NA,0.5,0.5,404,NA,NA,NA,NA,NA,NA,NA,NA,NA
1,22,NA,0.5,0.5,405,NA,NA,NA,NA,NA,NA,NA,NA,NA
3,22,NA,0.5,0.5,406,NA,NA,NA,NA,NA,NA,NA,NA,NA
3,22,NA,0.5,0.5,407,NA,NA,NA,NA,NA,NA,NA,NA,NA
6,22,NA,0.5,0.5,408,NA,NA,NA,NA,NA,NA,NA,NA,NA
6,22,NA,0.5,0.5,409,NA,NA,NA,NA,NA,NA,NA,NA,NA
4,22,NA,0.5,0.5,410,NA,NA,NA,NA,NA,NA,NA,NA,NA
4,22,NA,0.5,0.5,411,NA,NA,NA,NA,NA,NA,NA,NA,NA
4,22,NA,0.5,0.5,412,NA,NA,NA,NA,NA,NA,NA,NA,NA
5,22,NA,0.5,0.5,413,NA,NA,NA,NA,NA,NA,NA,NA,NA
5,22,NA,0.5,0.5,414,NA,NA,NA,NA,NA,NA,NA,NA,NA
5,22,NA,0.5,0.5,415,NA,NA,NA,NA,NA,NA,NA,NA,NA
5,22,NA,0.5,0.5,416,NA,NA,NA,NA,NA,NA,NA,NA,NA
5,22,NA,0.5,0.5,417,NA,NA,NA,NA,NA,NA,NA,NA,NA
5,22,NA,0.5,0.5,418,NA,NA,NA,NA,NA,NA,NA,NA,NA
5,22,NA,0.5,0.5,419,NA,NA,NA,NA,NA,NA,NA,NA,NA
5,22,NA,0.5,0.5,420,NA,NA,NA,NA,NA,NA,NA,NA,NA
5,22,NA,0.5,0.5,421,NA,NA,NA,NA,NA,NA,NA,NA,NA
7,22,NA,0.5,0.5,422,NA,NA,NA,NA,NA,NA,NA,NA,NA
7,22,NA,0.5,0.5,423,NA,NA,NA,NA,NA,NA,NA,NA,NA
